Workbook
Name Diurno: Apoio!$A$2:$A$4
Name Noturno: Apoio!$B$2

Sheet impressao
D2: GOVERNO DO ESTADO DE PERNAMBUCO
D3: SECRETARIA DE SAÚDE DO ESTADO DE PERNAMBUCO
D4: SECRETARIA EXECUTIVA DE ADMINISTRAÇÃO E FINANÇAS
D5: DIRETORIA GERAL DE FINANÇAS
D6: RELATÓRIO DE FREQUÊNCIA MÉDICA
B7: FREQUÊNCIA MÉDICA INDIVIDUAL
B8: Unidade de Saúde: | D8: HOSPITAL DOM HELDER CAMARA
B9: Empresa Prestadora do Serviço: | D9: PIN SAÚDE CNPJ: 34.761.993/0001-36
B10: Nome do Médico Prestador: | D10: JOEL LADISLAU DE MELO SOUSA CRM-PE 19.412
B11: Competência: | D11: MAIO
B12: Especialidade Médica: | D12: MEDICO PLANTONISTA | F12: UTI - CARDIOLOGICA/URCT
B14: DATA | C14: TURNO | D14: HORÁRIO | E14: RUBRICA E CARIMBO | F14: OCORRÊNCIA | G14: Líder
B15: =DATE(Apoio!$J$2,MATCH(impressao!$D$11,Apoio!$I$2:$I$13,0),1) -> 46143 | C15: Noturno | D15: 19:00 as 07:00 | F15: =IFERROR(CONCATENATE(J15,C15,K15),"") -> SEXTANoturno 12 horas | I15: =WEEKDAY(B15,2) -> 5 | J15: =VLOOKUP(I15,Apoio!$F$2:$G$8,2,FALSE) -> SEXTA | K15: =IF(D15="07:00 as 07:00"," 24 horas",IF(OR(D15="07:00 as 19:00",D15="19:00 as 07:00")," 12 horas"," 6 horas")) -> 12 horas
B16: 46082 | C16: Diurno | D16: 07:00 as 13:00 | F16: =IFERROR(CONCATENATE(J16,C16,K16),"") -> DOMINGO Diurno 6 horas | I16: =WEEKDAY(B16,2) -> 7 | J16: =VLOOKUP(I16,Apoio!$F$2:$G$8,2,FALSE) -> DOMINGO | K16: =IF(D16="07:00 as 07:00"," 24 horas",IF(OR(D16="07:00 as 19:00",D16="19:00 as 07:00")," 12 horas"," 6 horas")) -> 6 horas
B17: 46096 | C17: Noturno | D17: 07:00 as 13:00 | F17: =IFERROR(CONCATENATE(J17,C16,K17),"") -> DOMINGO Diurno 6 horas | I17: =WEEKDAY(B17,2) -> 7 | J17: =VLOOKUP(I17,Apoio!$F$2:$G$8,2,FALSE) -> DOMINGO | K17: =IF(D17="07:00 as 07:00"," 24 horas",IF(OR(D17="07:00 as 19:00",D17="19:00 as 07:00")," 12 horas"," 6 horas")) -> 6 horas
B18: 46096 | C18: Diurno | D18: 07:00 as 13:00 | F18: =IFERROR(CONCATENATE(J18,C18,K18),"") -> DOMINGO Diurno 6 horas | I18: =WEEKDAY(B18,2) -> 7 | J18: =VLOOKUP(I18,Apoio!$F$2:$G$8,2,FALSE) -> DOMINGO | K18: =IF(D18="07:00 as 07:00"," 24 horas",IF(OR(D18="07:00 as 19:00",D18="19:00 as 07:00")," 12 horas"," 6 horas")) -> 6 horas
B19: 46110 | C19: Noturno | D19: 07:00 as 13:00 | F19: =IFERROR(CONCATENATE(J19,C19,K19),"") -> DOMINGO Noturno 6 horas | I19: =WEEKDAY(B19,2) -> 7 | J19: =VLOOKUP(I19,Apoio!$F$2:$G$8,2,FALSE) -> DOMINGO | K19: =IF(D19="07:00 as 07:00"," 24 horas",IF(OR(D19="07:00 as 19:00",D19="19:00 as 07:00")," 12 horas"," 6 horas")) -> 6 horas
B20: 46110 | C20: Diurno | D20: 07:00 as 13:00 | F20: =IFERROR(CONCATENATE(J20,C20,K20),"") -> DOMINGO Diurno 6 horas | I20: =WEEKDAY(B20,2) -> 7 | J20: =VLOOKUP(I20,Apoio!$F$2:$G$8,2,FALSE) -> DOMINGO | K20: =IF(D20="07:00 as 07:00"," 24 horas",IF(OR(D20="07:00 as 19:00",D20="19:00 as 07:00")," 12 horas"," 6 horas")) -> 6 horas
B21: 46111 | C21: Noturno | D21: 07:00 as 13:00 | F21: =IFERROR(CONCATENATE(J21,C21,K21),"") -> SEGUNDA Noturno 6 horas | I21: =WEEKDAY(B21,2) -> 1 | J21: =VLOOKUP(I21,Apoio!$F$2:$G$8,2,FALSE) -> SEGUNDA | K21: =IF(D21="07:00 as 07:00"," 24 horas",IF(OR(D21="07:00 as 19:00",D21="19:00 as 07:00")," 12 horas"," 6 horas")) -> 6 horas
B22: 46112 | C22: Diurno | D22: 07:00 as 13:00 | F22: =IFERROR(CONCATENATE( J22, C22, K22),"") -> TERÇADiurno 6 horas | I22: =WEEKDAY(B22,2) -> 2 | J22: =VLOOKUP(I22,Apoio!$F$2:$G$8,2,FALSE) -> TERÇA | K22: =IF(D22="07:00 as 07:00"," 24 horas",IF(OR(D22="07:00 as 19:00",D22="19:00 as 07:00")," 12 horas"," 6 horas")) -> 6 horas
B23: 46113 | C23: Noturno | D23: 19:00 as 07:00 | F23: =IFERROR(CONCATENATE(J23,C23,K23),"") -> QUARTANoturno 12 horas | I23: =WEEKDAY(B23,2) -> 3 | J23: =VLOOKUP(I23,Apoio!$F$2:$G$8,2,FALSE) -> QUARTA | K23: =IF(D23="07:00 as 07:00"," 24 horas",IF(OR(D23="07:00 as 19:00",D23="19:00 as 07:00")," 12 horas"," 6 horas")) -> 12 horas
B24: 46114 | C24: Diurno | D24: 13:00 as 19:00 | F24: =IFERROR(CONCATENATE(J24,C24,K24),"") -> QUINTADiurno 6 horas | I24: =WEEKDAY(B24,2) -> 4 | J24: =VLOOKUP(I24,Apoio!$F$2:$G$8,2,FALSE) -> QUINTA | K24: =IF(D24="07:00 as 07:00"," 24 horas",IF(OR(D24="07:00 as 19:00",D24="19:00 as 07:00")," 12 horas"," 6 horas")) -> 6 horas
B25: 46115 | C25: Noturno | D25: 19:00 as 07:00 | F25: =IFERROR(CONCATENATE(J25,C25,K25),"") -> SEXTANoturno 12 horas | I25: =WEEKDAY(B25,2) -> 5 | J25: =VLOOKUP(I25,Apoio!$F$2:$G$8,2,FALSE) -> SEXTA | K25: =IF(D25="07:00 as 07:00"," 24 horas",IF(OR(D25="07:00 as 19:00",D25="19:00 as 07:00")," 12 horas"," 6 horas")) -> 12 horas
B26: 46116 | C26: Diurno | D26: 07:00 as 19:00 | F26: =IFERROR(CONCATENATE(J26,C26,K26),"") -> SÁBADODiurno 12 horas | I26: =WEEKDAY(B26,2) -> 6 | J26: =VLOOKUP(I26,Apoio!$F$2:$G$8,2,FALSE) -> SÁBADO | K26: =IF(D26="07:00 as 07:00"," 24 horas",IF(OR(D26="07:00 as 19:00",D26="19:00 as 07:00")," 12 horas"," 6 horas")) -> 12 horas
B27: 46117 | C27: Noturno | D27: 07:00 as 19:00 | F27: =IFERROR(CONCATENATE(J27,C27,K27),"") -> DOMINGO Noturno 12 horas | I27: =WEEKDAY(B27,2) -> 7 | J27: =VLOOKUP(I27,Apoio!$F$2:$G$8,2,FALSE) -> DOMINGO | K27: =IF(D27="07:00 as 07:00"," 24 horas",IF(OR(D27="07:00 as 19:00",D27="19:00 as 07:00")," 12 horas"," 6 horas")) -> 12 horas
B28: 46118 | C28: Diurno | D28: 07:00 as 19:00 | F28: =IFERROR(CONCATENATE(J28,C28,K28),"") -> SEGUNDA Diurno 12 horas | I28: =WEEKDAY(B28,2) -> 1 | J28: =VLOOKUP(I28,Apoio!$F$2:$G$8,2,FALSE) -> SEGUNDA | K28: =IF(D28="07:00 as 07:00"," 24 horas",IF(OR(D28="07:00 as 19:00",D28="19:00 as 07:00")," 12 horas"," 6 horas")) -> 12 horas
B29: 46119 | C29: Noturno | D29: 19:00 as 07:00 | F29: =IFERROR(CONCATENATE(J29,C29,K29),"") -> TERÇANoturno 12 horas | I29: =WEEKDAY(B29,2) -> 2 | J29: =VLOOKUP(I29,Apoio!$F$2:$G$8,2,FALSE) -> TERÇA | K29: =IF(D29="07:00 as 07:00"," 24 horas",IF(OR(D29="07:00 as 19:00",D29="19:00 as 07:00")," 12 horas"," 6 horas")) -> 12 horas
B30: 46120 | C30: Diurno | D30: 07:00 as 19:00 | F30: =IFERROR(CONCATENATE(J30,C30,K30),"") -> QUARTADiurno 12 horas | I30: =WEEKDAY(B30,2) -> 3 | J30: =VLOOKUP(I30,Apoio!$F$2:$G$8,2,FALSE) -> QUARTA | K30: =IF(D30="07:00 as 07:00"," 24 horas",IF(OR(D30="07:00 as 19:00",D30="19:00 as 07:00")," 12 horas"," 6 horas")) -> 12 horas
B31: 46121 | C31: Noturno | D31: 07:00 as 19:00 | F31: =IFERROR(CONCATENATE(J31,C31,K31),"") -> QUINTANoturno 12 horas | I31: =WEEKDAY(B31,2) -> 4 | J31: =VLOOKUP(I31,Apoio!$F$2:$G$8,2,FALSE) -> QUINTA | K31: =IF(D31="07:00 as 07:00"," 24 horas",IF(OR(D31="07:00 as 19:00",D31="19:00 as 07:00")," 12 horas"," 6 horas")) -> 12 horas
B32: 46122 | C32: Diurno | D32: 07:00 as 19:00 | F32: =IFERROR(CONCATENATE(J32,C32,K32),"") -> SEXTADiurno 12 horas | I32: =WEEKDAY(B32,2) -> 5 | J32: =VLOOKUP(I32,Apoio!$F$2:$G$8,2,FALSE) -> SEXTA | K32: =IF(D32="07:00 as 07:00"," 24 horas",IF(OR(D32="07:00 as 19:00",D32="19:00 as 07:00")," 12 horas"," 6 horas")) -> 12 horas
B33: 46123 | C33: Noturno | D33: 07:00 as 19:00 | F33: =IFERROR(CONCATENATE(J33,C33,K33),"") -> SÁBADONoturno 12 horas | I33: =WEEKDAY(B33,2) -> 6 | J33: =VLOOKUP(I33,Apoio!$F$2:$G$8,2,FALSE) -> SÁBADO | K33: =IF(D33="07:00 as 07:00"," 24 horas",IF(OR(D33="07:00 as 19:00",D33="19:00 as 07:00")," 12 horas"," 6 horas")) -> 12 horas
B34: 46124 | C34: Diurno | D34: 07:00 as 19:00 | F34: =IFERROR(CONCATENATE(J34,C34,K34),"") -> DOMINGO Diurno 12 horas | I34: =WEEKDAY(B34,2) -> 7 | J34: =VLOOKUP(I34,Apoio!$F$2:$G$8,2,FALSE) -> DOMINGO | K34: =IF(D34="07:00 as 07:00"," 24 horas",IF(OR(D34="07:00 as 19:00",D34="19:00 as 07:00")," 12 horas"," 6 horas")) -> 12 horas
... B45: 46135 | C45: Noturno | D45: 19:00 as 07:00 | F45: =IFERROR(CONCATENATE(J45,C45,K45),"") -> QUINTANoturno 12 horas | I45: =WEEKDAY(B45,2) -> 4 | J45: =VLOOKUP(I45,Apoio!$F$2:$G$8,2,FALSE) -> QUINTA | K45: =IF(D45="07:00 as 07:00"," 24 horas",IF(OR(D45="07:00 as 19:00",D45="19:00 as 07:00")," 12 horas"," 6 horas")) -> 12 horas
B46: __________________________ Assinatura do Prestador(a) | D46: __________________________________________ Assinatura da Direção Médica | F46: __________________________________________Assinatura do Diretor Administrativo Financeiro da unidade

Sheet Planilha2
F12: 46100 | G12: 469 | H12: HDH - FGH - Hospital Dom Helder | J12: Faturado | K12: SN - 2600000000115
H13: Venda
F14: 46100 | G14: 468 | H14: HDH - FGH - Hospital Dom Helder | I14: 43200.28 | J14: Faturado | K14: SN - 2600000000116
H15: Venda
F16: 46088 | G16: 452 | H16: HDH - FGH - Hospital Dom Helder | J16: Faturado | K16: 2026 - 2600000000092
H17: Venda
F18: 46087 | G18: 447 | H18: HDH - FGH - Hospital Dom Helder | I18: 313558.94 | J18: Faturado | K18: 2026 - 2600000000118
H19: Venda
I22: =SUM(I12:I18) -> 356759.22

Sheet Apoio
A1: Diurno | B1: Noturno | D1: Setor | I1: Mês | J1: ANO
A2: 07:00 as 19:00 | B2: 19:00 as 07:00 | D2: EMERGÊNCIA CARDIOLÓGICA | F2: 1 | G2: SEGUNDA | I2: JANEIRO | J2: 2026
A3: 07:00 as 13:00 | D3: ENFERMARIA CARDIOLÓGICA | F3: 2 | G3: TERÇA | I3: FEVEREIRO | J3: 2027
A4: 13:00 as 19:00 | D4: EMERGÊNCIA CLÍNICA | F4: 3 | G4: QUARTA | I4: MARÇO | J4: 2028
D5: EMERGÊNCIA CIRURGICA | F5: 4 | G5: QUINTA | I5: ABRIL | J5: 2029
D6: EMERGÊNCIA CARDIOLÓGICA | F6: 5 | G6: SEXTA | I6: MAIO | J6: 2030
D7: EMERGÊNCIA VASCULAR | F7: 6 | G7: SÁBADO | I7: JUNHO | J7: 2031
D8: ENFERMARIA VASCULAR | F8: 7 | G8: DOMINGO | I8: JULHO | J8: 2032
D9: UTI - CARDIOLOGICA/URCT | I9: AGOSTO | J9: 2033
D10: UTI - CIRURGICA II/UCO | I10: SETEMBRO | J10: 2034
D11: UTI - CIRURGICA I (2 andar) | I11: OUTUBRO | J11: 2035
D12: Sala de Recuperação Pos Anestésica (SRPA) | I12: NOVEMBRO
D13: Serviço de Ecocardiograma | I13: DEZEMBRO
D14: Serviço de Ergometria
